,product,cost
0,Bella vita organic OUD PARFUM Intense Perfume For Men &...,₹539
1,ENVY Men Perfume Eau de Parfum  -  60 ml,₹199
2,ENVY Combo Perfume For Men 60ML + 60ML Eau de Parfum  -...,₹339
3,DENVER Black Code Perfume Eau de Parfum  -  60 ml,₹187
4,ENVY Combo Perfume For Men and Women 60ML + 60ML Eau de...,₹339
5,ENVY Men Perfume Eau de Parfum  -  30 ml,₹116
6,ENVY Women Perfume Eau de Parfum  -  30 ml,₹116
7,PERFUMERS CLUB Complete Fragrance Gift Set For Men | 7x...,₹739
8,FOGG Scent Expressio 50ml Eau de Parfum  -  50 ml,₹227
9,DENVER Hamilton Perfume Eau de Parfum  -  60 ml,₹224
10,FOGG Scent Impressio Eau de Parfum  -  100 ml,₹408
11,"La French Oud Nuit Parfum, with Long Lasting Fragrances...",₹640
12,Wild Stone Edge Perfume Eau de Parfum  -  50 ml,₹271
13,USTRAA Cologne Spray Base Camp Perfume  -  100 ml,₹547
14,FOGG Scent Beautiful Secret Eau de Parfum  -  100 ml,₹331
15,secret temptation Romance Eau de Parfum  -  50 ml,₹291
16,Bella vita organic Luxury Unisex Perfume Gift Set For M...,₹576
17,ENVY Natural Spray Eau de Parfum  -  60 ml,₹199
18,FOGG Scent XTREMO Eau de Parfum  -  100 ml,₹386
19,one8 by Virat Kohli Pure Eau De Parfum 100 ml-Men Eau d...,₹739
20,SKINN by TITAN Raw - Single Pack Eau de Parfum  -  20 m...,₹490
21,FOGG Scent Impressio 50ml Eau de Parfum  -  50 ml,₹227
22,FOGG Scent Xtermo 50ml Eau de Parfum  -  50 ml,₹227
23,Wild Stone Edge and Hydra Energy Perfume Combo for Men ...,₹359
24,ENVY Women Eau de Parfum  -  60 ml,₹199
25,Otto Cool Eau de Parfum  -  25 ml,₹44
26,BEARDO Whisky Smoke EDP 100 ml Eau de Parfum  -  100 ml,₹636
27,MINISO 30 ml Women Lady Perfume - Blooming Eau de Toile...,₹300
28,Wild Stone Ultra Sensual Eau de Parfum  -  50 ml,₹271
29,FOGG Scent XPRESSIO Eau de Parfum  -  100 ml,₹386
30,Wild Stone Hydra Energy Perfume Eau de Parfum  -  50 ml,₹271
31,Wild Stone Edge and Forest Spice Perfume Combo for Men ...,₹359
32,"Bella vita organic Dominus Eau De Parfum For Man, Stron...",₹215
33,USTRAA Cologne Spray - Scuba (100 ml) Perfume  -  100 m...,₹547
34,"THE MAN COMPANY Black EDT Perfume For Men (Pack of 2, 5...",₹639
35,PERFUMERS CLUB Complete Fragrance Gift Set For Women| 7...,₹739
36,JAGUAR Classic Black Eau de Toilette  -  100 ml,"₹1,524"
37,Bella vita organic Rosè Eau De Parfum With Long Lasting...,₹219
38,FOGG Scent I AM QUEEN Eau de Parfum  -  100 ml,₹359
39,"ARMAF Club De Nuit EDP for Women, 105 ml Eau de Parfum ...","₹1,515"
